<?xml version = "1.0" encoding = "UTF-8"?>
<beans xmlns="http://www.springframework.org/schema/beans"
	xmlns:xsi="http://www.w3.org/2001/XMLSchema-instance"
	xmlns:context="http://www.springframework.org/schema/context"
	xsi:schemaLocation="http://www.springframework.org/schema/beans
      http://www.springframework.org/schema/beans/spring-beans-3.0.xsd
      http://www.springfkramework.org/schema/context
      http://www.springframework.org/schema/context/spring-context-3.0.xsd">

<bean id="animal" class="com.aoegames.MyGame.Animal">
<property name="noOfLegs" value="4"></property>
<property name="wings" value="##00##"></property>
</bean>




<!-- inner beans not recommended-->
<bean id="game" class="com.aoegames.sheepfight.GameGrid">
<property name="hexagon" ref="hexObj"></property>

</bean>

</beans>